,First Name,Last Name,Gender,Country,Age,Date,Id
2,Philip,Gent,Male,France,36,21/05/2015,2587
5,Gaston,Brumm,Male,United States,24,21/05/2015,2554
11,Franklyn,Unknow,Male,France,38,15/10/2017,2579
13,Replaced,Zabriskie,Male,Great Britain,26,21/05/2015,2587
24,Lester,Prothro,Male,France,21,15/10/2017,6574
28,Garth,Gangi,Male,United States,41,16/08/2016,3256
34,Dewitt,Borger,Male,United States,36,21/05/2015,8514
39,Chase,Karner,Male,United States,37,15/10/2017,2154
40,Tommie,Underdahl,Male,United States,26,16/08/2016,3265
42,Angel,Sanor,Male,France,24,15/10/2017,3259
44,Weston,Martina,Male,United States,26,21/05/2015,6540
48,Jeromy,Danz,Male,United States,39,15/10/2017,3265
52,Philip,Gent,Male,France,36,21/05/2015,2587
55,Gaston,Brumm,Male,United States,24,21/05/2015,2554
61,Franklyn,Unknow,Male,France,38,15/10/2017,2579
63,Replaced,Zabriskie,Male,Great Britain,26,21/05/2015,2587
74,Lester,Prothro,Male,France,21,15/10/2017,6574
78,Garth,Gangi,Male,United States,41,16/08/2016,3256
84,Dewitt,Borger,Male,United States,36,21/05/2015,8514
89,Chase,Karner,Male,United States,37,15/10/2017,2154
90,Tommie,Underdahl,Male,United States,26,16/08/2016,3265
92,Angel,Sanor,Male,France,24,15/10/2017,3259
94,Weston,Martina,Male,United States,26,21/05/2015,6540
98,Jeromy,Danz,Male,United States,39,15/10/2017,3265
102,Philip,Gent,Male,France,36,21/05/2015,2587
105,Gaston,Brumm,Male,United States,24,21/05/2015,2554
111,Franklyn,Unknow,Male,France,38,15/10/2017,2579
113,Replaced,Zabriskie,Male,Great Britain,26,21/05/2015,2587
124,Lester,Prothro,Male,France,21,15/10/2017,6574
128,Garth,Gangi,Male,United States,41,16/08/2016,3256
134,Dewitt,Borger,Male,United States,36,21/05/2015,8514
139,Chase,Karner,Male,United States,37,15/10/2017,2154
140,Tommie,Underdahl,Male,United States,26,16/08/2016,3265
142,Angel,Sanor,Male,France,24,15/10/2017,3259
144,Weston,Martina,Male,United States,26,21/05/2015,6540
148,Jeromy,Danz,Male,United States,39,15/10/2017,3265
152,Philip,Gent,Male,France,36,21/05/2015,2587
155,Gaston,Brumm,Male,United States,24,21/05/2015,2554
161,Franklyn,Unknow,Male,France,38,15/10/2017,2579
163,Replaced,Zabriskie,Male,Great Britain,26,21/05/2015,2587
174,Lester,Prothro,Male,France,21,15/10/2017,6574
178,Garth,Gangi,Male,United States,41,16/08/2016,3256
184,Dewitt,Borger,Male,United States,36,21/05/2015,8514
189,Chase,Karner,Male,United States,37,15/10/2017,2154
190,Tommie,Underdahl,Male,United States,26,16/08/2016,3265
192,Angel,Sanor,Male,France,24,15/10/2017,3259
194,Weston,Martina,Male,United States,26,21/05/2015,6540
198,Jeromy,Danz,Male,United States,39,15/10/2017,3265
202,Philip,Gent,Male,France,36,21/05/2015,2587
205,Gaston,Brumm,Male,United States,24,21/05/2015,2554
211,Franklyn,Unknow,Male,France,38,15/10/2017,2579
213,Replaced,Zabriskie,Male,Great Britain,26,21/05/2015,2587
224,Lester,Prothro,Male,France,21,15/10/2017,6574
228,Garth,Gangi,Male,United States,41,16/08/2016,3256
234,Dewitt,Borger,Male,United States,36,21/05/2015,8514
239,Chase,Karner,Male,United States,37,15/10/2017,2154
240,Tommie,Underdahl,Male,United States,26,16/08/2016,3265
242,Angel,Sanor,Male,France,24,15/10/2017,3259
244,Weston,Martina,Male,United States,26,21/05/2015,6540
248,Jeromy,Danz,Male,United States,39,15/10/2017,3265
252,Philip,Gent,Male,France,36,21/05/2015,2587
255,Gaston,Brumm,Male,United States,24,21/05/2015,2554
261,Franklyn,Unknow,Male,France,38,15/10/2017,2579
263,Replaced,Zabriskie,Male,Great Britain,26,21/05/2015,2587
274,Lester,Prothro,Male,France,21,15/10/2017,6574
278,Garth,Gangi,Male,United States,41,16/08/2016,3256
284,Dewitt,Borger,Male,United States,36,21/05/2015,8514
289,Chase,Karner,Male,United States,37,15/10/2017,2154
290,Tommie,Underdahl,Male,United States,26,16/08/2016,3265
292,Angel,Sanor,Male,France,24,15/10/2017,3259
294,Weston,Martina,Male,United States,26,21/05/2015,6540
298,Jeromy,Danz,Male,United States,39,15/10/2017,3265
302,Philip,Gent,Male,France,36,21/05/2015,2587
305,Gaston,Brumm,Male,United States,24,21/05/2015,2554
311,Franklyn,Unknow,Male,France,38,15/10/2017,2579
313,Replaced,Zabriskie,Male,Great Britain,26,21/05/2015,2587
324,Lester,Prothro,Male,France,21,15/10/2017,6574
328,Garth,Gangi,Male,United States,41,16/08/2016,3256
334,Dewitt,Borger,Male,United States,36,21/05/2015,8514
339,Chase,Karner,Male,United States,37,15/10/2017,2154
340,Tommie,Underdahl,Male,United States,26,16/08/2016,3265
342,Angel,Sanor,Male,France,24,15/10/2017,3259
344,Weston,Martina,Male,United States,26,21/05/2015,6540
348,Jeromy,Danz,Male,United States,39,15/10/2017,3265
352,Philip,Gent,Male,France,36,21/05/2015,2587
355,Gaston,Brumm,Male,United States,24,21/05/2015,2554
361,Franklyn,Unknow,Male,France,38,15/10/2017,2579
363,Replaced,Zabriskie,Male,Great Britain,26,21/05/2015,2587
374,Lester,Prothro,Male,France,21,15/10/2017,6574
378,Garth,Gangi,Male,United States,41,16/08/2016,3256
384,Dewitt,Borger,Male,United States,36,21/05/2015,8514
389,Chase,Karner,Male,United States,37,15/10/2017,2154
390,Tommie,Underdahl,Male,United States,26,16/08/2016,3265
392,Angel,Sanor,Male,France,24,15/10/2017,3259
394,Weston,Martina,Male,United States,26,21/05/2015,6540
398,Jeromy,Danz,Male,United States,39,15/10/2017,3265
402,Philip,Gent,Male,France,36,21/05/2015,2587
405,Gaston,Brumm,Male,United States,24,21/05/2015,2554
411,Franklyn,Unknow,Male,France,38,15/10/2017,2579
413,Replaced,Zabriskie,Male,Great Britain,26,21/05/2015,2587
424,Lester,Prothro,Male,France,21,15/10/2017,6574
428,Garth,Gangi,Male,United States,41,16/08/2016,3256
434,Dewitt,Borger,Male,United States,36,21/05/2015,8514
439,Chase,Karner,Male,United States,37,15/10/2017,2154
440,Tommie,Underdahl,Male,United States,26,16/08/2016,3265
442,Angel,Sanor,Male,France,24,15/10/2017,3259
444,Weston,Martina,Male,United States,26,21/05/2015,6540
448,Jeromy,Danz,Male,United States,39,15/10/2017,3265
452,Philip,Gent,Male,France,36,21/05/2015,2587
455,Gaston,Brumm,Male,United States,24,21/05/2015,2554
461,Franklyn,Unknow,Male,France,38,15/10/2017,2579
463,Replaced,Zabriskie,Male,Great Britain,26,21/05/2015,2587
474,Lester,Prothro,Male,France,21,15/10/2017,6574
478,Garth,Gangi,Male,United States,41,16/08/2016,3256
484,Dewitt,Borger,Male,United States,36,21/05/2015,8514
489,Chase,Karner,Male,United States,37,15/10/2017,2154
490,Tommie,Underdahl,Male,United States,26,16/08/2016,3265
492,Angel,Sanor,Male,France,24,15/10/2017,3259
494,Weston,Martina,Male,United States,26,21/05/2015,6540
498,Jeromy,Danz,Male,United States,39,15/10/2017,3265
502,Philip,Gent,Male,France,36,21/05/2015,2587
505,Gaston,Brumm,Male,United States,24,21/05/2015,2554
511,Franklyn,Unknow,Male,France,38,15/10/2017,2579
513,Replaced,Zabriskie,Male,Great Britain,26,21/05/2015,2587
524,Lester,Prothro,Male,France,21,15/10/2017,6574
528,Garth,Gangi,Male,United States,41,16/08/2016,3256
534,Dewitt,Borger,Male,United States,36,21/05/2015,8514
539,Chase,Karner,Male,United States,37,15/10/2017,2154
540,Tommie,Underdahl,Male,United States,26,16/08/2016,3265
542,Angel,Sanor,Male,France,24,15/10/2017,3259
544,Weston,Martina,Male,United States,26,21/05/2015,6540
548,Jeromy,Danz,Male,United States,39,15/10/2017,3265
552,Philip,Gent,Male,France,36,21/05/2015,2587
555,Gaston,Brumm,Male,United States,24,21/05/2015,2554
561,Franklyn,Unknow,Male,France,38,15/10/2017,2579
563,Replaced,Zabriskie,Male,Great Britain,26,21/05/2015,2587
574,Lester,Prothro,Male,France,21,15/10/2017,6574
578,Garth,Gangi,Male,United States,41,16/08/2016,3256
584,Dewitt,Borger,Male,United States,36,21/05/2015,8514
589,Chase,Karner,Male,United States,37,15/10/2017,2154
590,Tommie,Underdahl,Male,United States,26,16/08/2016,3265
592,Angel,Sanor,Male,France,24,15/10/2017,3259
594,Weston,Martina,Male,United States,26,21/05/2015,6540
598,Jeromy,Danz,Male,United States,39,15/10/2017,3265
602,Philip,Gent,Male,France,36,21/05/2015,2587
605,Gaston,Brumm,Male,United States,24,21/05/2015,2554
611,Franklyn,Unknow,Male,France,38,15/10/2017,2579
613,Replaced,Zabriskie,Male,Great Britain,26,21/05/2015,2587
624,Lester,Prothro,Male,France,21,15/10/2017,6574
628,Garth,Gangi,Male,United States,41,16/08/2016,3256
634,Dewitt,Borger,Male,United States,36,21/05/2015,8514
639,Chase,Karner,Male,United States,37,15/10/2017,2154
640,Tommie,Underdahl,Male,United States,26,16/08/2016,3265
642,Angel,Sanor,Male,France,24,15/10/2017,3259
644,Weston,Martina,Male,United States,26,21/05/2015,6540
648,Jeromy,Danz,Male,United States,39,15/10/2017,3265
652,Philip,Gent,Male,France,36,21/05/2015,2587
655,Gaston,Brumm,Male,United States,24,21/05/2015,2554
661,Franklyn,Unknow,Male,France,38,15/10/2017,2579
663,Replaced,Zabriskie,Male,Great Britain,26,21/05/2015,2587
674,Lester,Prothro,Male,France,21,15/10/2017,6574
678,Garth,Gangi,Male,United States,41,16/08/2016,3256
684,Dewitt,Borger,Male,United States,36,21/05/2015,8514
689,Chase,Karner,Male,United States,37,15/10/2017,2154
690,Tommie,Underdahl,Male,United States,26,16/08/2016,3265
692,Angel,Sanor,Male,France,24,15/10/2017,3259
694,Weston,Martina,Male,United States,26,21/05/2015,6540
698,Jeromy,Danz,Male,United States,39,15/10/2017,3265
702,Philip,Gent,Male,France,36,21/05/2015,2587
705,Gaston,Brumm,Male,United States,24,21/05/2015,2554
711,Franklyn,Unknow,Male,France,38,15/10/2017,2579
713,Replaced,Zabriskie,Male,Great Britain,26,21/05/2015,2587
724,Lester,Prothro,Male,France,21,15/10/2017,6574
728,Garth,Gangi,Male,United States,41,16/08/2016,3256
734,Dewitt,Borger,Male,United States,36,21/05/2015,8514
739,Chase,Karner,Male,United States,37,15/10/2017,2154
740,Tommie,Underdahl,Male,United States,26,16/08/2016,3265
742,Angel,Sanor,Male,France,24,15/10/2017,3259
744,Weston,Martina,Male,United States,26,21/05/2015,6540
748,Jeromy,Danz,Male,United States,39,15/10/2017,3265
752,Philip,Gent,Male,France,36,21/05/2015,2587
755,Gaston,Brumm,Male,United States,24,21/05/2015,2554
761,Franklyn,Unknow,Male,France,38,15/10/2017,2579
763,Replaced,Zabriskie,Male,Great Britain,26,21/05/2015,2587
774,Lester,Prothro,Male,France,21,15/10/2017,6574
778,Garth,Gangi,Male,United States,41,16/08/2016,3256
784,Dewitt,Borger,Male,United States,36,21/05/2015,8514
789,Chase,Karner,Male,United States,37,15/10/2017,2154
790,Tommie,Underdahl,Male,United States,26,16/08/2016,3265
792,Angel,Sanor,Male,France,24,15/10/2017,3259
794,Weston,Martina,Male,United States,26,21/05/2015,6540
798,Jeromy,Danz,Male,United States,39,15/10/2017,3265
802,Philip,Gent,Male,France,36,21/05/2015,2587
805,Gaston,Brumm,Male,United States,24,21/05/2015,2554
811,Franklyn,Unknow,Male,France,38,15/10/2017,2579
813,Replaced,Zabriskie,Male,Great Britain,26,21/05/2015,2587
824,Lester,Prothro,Male,France,21,15/10/2017,6574
828,Garth,Gangi,Male,United States,41,16/08/2016,3256
834,Dewitt,Borger,Male,United States,36,21/05/2015,8514
839,Chase,Karner,Male,United States,37,15/10/2017,2154
840,Tommie,Underdahl,Male,United States,26,16/08/2016,3265
842,Angel,Sanor,Male,France,24,15/10/2017,3259
844,Weston,Martina,Male,United States,26,21/05/2015,6540
848,Jeromy,Danz,Male,United States,39,15/10/2017,3265
852,Philip,Gent,Male,France,36,21/05/2015,2587
855,Gaston,Brumm,Male,United States,24,21/05/2015,2554
861,Franklyn,Unknow,Male,France,38,15/10/2017,2579
863,Replaced,Zabriskie,Male,Great Britain,26,21/05/2015,2587
874,Lester,Prothro,Male,France,21,15/10/2017,6574
878,Garth,Gangi,Male,United States,41,16/08/2016,3256
884,Dewitt,Borger,Male,United States,36,21/05/2015,8514
889,Chase,Karner,Male,United States,37,15/10/2017,2154
890,Tommie,Underdahl,Male,United States,26,16/08/2016,3265
892,Angel,Sanor,Male,France,24,15/10/2017,3259
894,Weston,Martina,Male,United States,26,21/05/2015,6540
898,Jeromy,Danz,Male,United States,39,15/10/2017,3265
902,Philip,Gent,Male,France,36,21/05/2015,2587
905,Gaston,Brumm,Male,United States,24,21/05/2015,2554
911,Franklyn,Unknow,Male,France,38,15/10/2017,2579
913,Replaced,Zabriskie,Male,Great Britain,26,21/05/2015,2587
924,Lester,Prothro,Male,France,21,15/10/2017,6574
928,Garth,Gangi,Male,United States,41,16/08/2016,3256
934,Dewitt,Borger,Male,United States,36,21/05/2015,8514
939,Chase,Karner,Male,United States,37,15/10/2017,2154
940,Tommie,Underdahl,Male,United States,26,16/08/2016,3265
942,Angel,Sanor,Male,France,24,15/10/2017,3259
944,Weston,Martina,Male,United States,26,21/05/2015,6540
948,Jeromy,Danz,Male,United States,39,15/10/2017,3265
952,Philip,Gent,Male,France,36,21/05/2015,2587
955,Gaston,Brumm,Male,United States,24,21/05/2015,2554
961,Franklyn,Unknow,Male,France,38,15/10/2017,2579
963,Replaced,Zabriskie,Male,Great Britain,26,21/05/2015,2587
974,Lester,Prothro,Male,France,21,15/10/2017,6574
978,Garth,Gangi,Male,United States,41,16/08/2016,3256
984,Dewitt,Borger,Male,United States,36,21/05/2015,8514
989,Chase,Karner,Male,United States,37,15/10/2017,2154
990,Tommie,Underdahl,Male,United States,26,16/08/2016,3265
992,Angel,Sanor,Male,France,24,15/10/2017,3259
994,Weston,Martina,Male,United States,26,21/05/2015,6540
998,Jeromy,Danz,Male,United States,39,15/10/2017,3265
1002,Philip,Gent,Male,France,36,21/05/2015,2587
1005,Gaston,Brumm,Male,United States,24,21/05/2015,2554
1011,Franklyn,Unknow,Male,France,38,15/10/2017,2579
1013,Replaced,Zabriskie,Male,Great Britain,26,21/05/2015,2587
1024,Lester,Prothro,Male,France,21,15/10/2017,6574
1028,Garth,Gangi,Male,United States,41,16/08/2016,3256
1034,Dewitt,Borger,Male,United States,36,21/05/2015,8514
1039,Chase,Karner,Male,United States,37,15/10/2017,2154
1040,Tommie,Underdahl,Male,United States,26,16/08/2016,3265
1042,Angel,Sanor,Male,France,24,15/10/2017,3259
1044,Weston,Martina,Male,United States,26,21/05/2015,6540
1048,Jeromy,Danz,Male,United States,39,15/10/2017,3265
1052,Philip,Gent,Male,France,36,21/05/2015,2587
1055,Gaston,Brumm,Male,United States,24,21/05/2015,2554
1061,Franklyn,Unknow,Male,France,38,15/10/2017,2579
1063,Replaced,Zabriskie,Male,Great Britain,26,21/05/2015,2587
1074,Lester,Prothro,Male,France,21,15/10/2017,6574
1078,Garth,Gangi,Male,United States,41,16/08/2016,3256
1084,Dewitt,Borger,Male,United States,36,21/05/2015,8514
1089,Chase,Karner,Male,United States,37,15/10/2017,2154
1090,Tommie,Underdahl,Male,United States,26,16/08/2016,3265
1092,Angel,Sanor,Male,France,24,15/10/2017,3259
1094,Weston,Martina,Male,United States,26,21/05/2015,6540
1098,Jeromy,Danz,Male,United States,39,15/10/2017,3265
1102,Philip,Gent,Male,France,36,21/05/2015,2587
1105,Gaston,Brumm,Male,United States,24,21/05/2015,2554
1111,Franklyn,Unknow,Male,France,38,15/10/2017,2579
1113,Replaced,Zabriskie,Male,Great Britain,26,21/05/2015,2587
1124,Lester,Prothro,Male,France,21,15/10/2017,6574
1128,Garth,Gangi,Male,United States,41,16/08/2016,3256
1134,Dewitt,Borger,Male,United States,36,21/05/2015,8514
1139,Chase,Karner,Male,United States,37,15/10/2017,2154
1140,Tommie,Underdahl,Male,United States,26,16/08/2016,3265
1142,Angel,Sanor,Male,France,24,15/10/2017,3259
1144,Weston,Martina,Male,United States,26,21/05/2015,6540
1148,Jeromy,Danz,Male,United States,39,15/10/2017,3265
1152,Philip,Gent,Male,France,36,21/05/2015,2587
1155,Gaston,Brumm,Male,United States,24,21/05/2015,2554
1161,Franklyn,Unknow,Male,France,38,15/10/2017,2579
1163,Replaced,Zabriskie,Male,Great Britain,26,21/05/2015,2587
1174,Lester,Prothro,Male,France,21,15/10/2017,6574
1178,Garth,Gangi,Male,United States,41,16/08/2016,3256
1184,Dewitt,Borger,Male,United States,36,21/05/2015,8514
1189,Chase,Karner,Male,United States,37,15/10/2017,2154
1190,Tommie,Underdahl,Male,United States,26,16/08/2016,3265
1192,Angel,Sanor,Male,France,24,15/10/2017,3259
1194,Weston,Martina,Male,United States,26,21/05/2015,6540
1198,Jeromy,Danz,Male,United States,39,15/10/2017,3265
1202,Philip,Gent,Male,France,36,21/05/2015,2587
1205,Gaston,Brumm,Male,United States,24,21/05/2015,2554
1211,Franklyn,Unknow,Male,France,38,15/10/2017,2579
1213,Replaced,Zabriskie,Male,Great Britain,26,21/05/2015,2587
1224,Lester,Prothro,Male,France,21,15/10/2017,6574
1228,Garth,Gangi,Male,United States,41,16/08/2016,3256
1234,Dewitt,Borger,Male,United States,36,21/05/2015,8514
1239,Chase,Karner,Male,United States,37,15/10/2017,2154
1240,Tommie,Underdahl,Male,United States,26,16/08/2016,3265
1242,Angel,Sanor,Male,France,24,15/10/2017,3259
1244,Weston,Martina,Male,United States,26,21/05/2015,6540
1248,Jeromy,Danz,Male,United States,39,15/10/2017,3265
1252,Philip,Gent,Male,France,36,21/05/2015,2587
1255,Gaston,Brumm,Male,United States,24,21/05/2015,2554
1261,Franklyn,Unknow,Male,France,38,15/10/2017,2579
1263,Replaced,Zabriskie,Male,Great Britain,26,21/05/2015,2587
1274,Lester,Prothro,Male,France,21,15/10/2017,6574
1278,Garth,Gangi,Male,United States,41,16/08/2016,3256
1284,Dewitt,Borger,Male,United States,36,21/05/2015,8514
1289,Chase,Karner,Male,United States,37,15/10/2017,2154
1290,Tommie,Underdahl,Male,United States,26,16/08/2016,3265
1292,Angel,Sanor,Male,France,24,15/10/2017,3259
1294,Weston,Martina,Male,United States,26,21/05/2015,6540
1298,Jeromy,Danz,Male,United States,39,15/10/2017,3265
1302,Philip,Gent,Male,France,36,21/05/2015,2587
1305,Gaston,Brumm,Male,United States,24,21/05/2015,2554
1311,Franklyn,Unknow,Male,France,38,15/10/2017,2579
1313,Replaced,Zabriskie,Male,Great Britain,26,21/05/2015,2587
1324,Lester,Prothro,Male,France,21,15/10/2017,6574
1328,Garth,Gangi,Male,United States,41,16/08/2016,3256
1334,Dewitt,Borger,Male,United States,36,21/05/2015,8514
1339,Chase,Karner,Male,United States,37,15/10/2017,2154
1340,Tommie,Underdahl,Male,United States,26,16/08/2016,3265
1342,Angel,Sanor,Male,France,24,15/10/2017,3259
1344,Weston,Martina,Male,United States,26,21/05/2015,6540
1348,Jeromy,Danz,Male,United States,39,15/10/2017,3265
1352,Philip,Gent,Male,France,36,21/05/2015,2587
1355,Gaston,Brumm,Male,United States,24,21/05/2015,2554
1361,Franklyn,Unknow,Male,France,38,15/10/2017,2579
1363,Replaced,Zabriskie,Male,Great Britain,26,21/05/2015,2587
1374,Lester,Prothro,Male,France,21,15/10/2017,6574
1378,Garth,Gangi,Male,United States,41,16/08/2016,3256
1384,Dewitt,Borger,Male,United States,36,21/05/2015,8514
1389,Chase,Karner,Male,United States,37,15/10/2017,2154
1390,Tommie,Underdahl,Male,United States,26,16/08/2016,3265
1392,Angel,Sanor,Male,France,24,15/10/2017,3259
1394,Weston,Martina,Male,United States,26,21/05/2015,6540
1398,Jeromy,Danz,Male,United States,39,15/10/2017,3265
1402,Philip,Gent,Male,France,36,21/05/2015,2587
1405,Gaston,Brumm,Male,United States,24,21/05/2015,2554
1411,Franklyn,Unknow,Male,France,38,15/10/2017,2579
1413,Replaced,Zabriskie,Male,Great Britain,26,21/05/2015,2587
1424,Lester,Prothro,Male,France,21,15/10/2017,6574
1428,Garth,Gangi,Male,United States,41,16/08/2016,3256
1434,Dewitt,Borger,Male,United States,36,21/05/2015,8514
1439,Chase,Karner,Male,United States,37,15/10/2017,2154
1440,Tommie,Underdahl,Male,United States,26,16/08/2016,3265
1442,Angel,Sanor,Male,France,24,15/10/2017,3259
1444,Weston,Martina,Male,United States,26,21/05/2015,6540
1448,Jeromy,Danz,Male,United States,39,15/10/2017,3265
1452,Philip,Gent,Male,France,36,21/05/2015,2587
1455,Gaston,Brumm,Male,United States,24,21/05/2015,2554
1461,Franklyn,Unknow,Male,France,38,15/10/2017,2579
1463,Replaced,Zabriskie,Male,Great Britain,26,21/05/2015,2587
1474,Lester,Prothro,Male,France,21,15/10/2017,6574
1478,Garth,Gangi,Male,United States,41,16/08/2016,3256
1484,Dewitt,Borger,Male,United States,36,21/05/2015,8514
1489,Chase,Karner,Male,United States,37,15/10/2017,2154
1490,Tommie,Underdahl,Male,United States,26,16/08/2016,3265
1492,Angel,Sanor,Male,France,24,15/10/2017,3259
1494,Weston,Martina,Male,United States,26,21/05/2015,6540
1498,Jeromy,Danz,Male,United States,39,15/10/2017,3265
1502,Philip,Gent,Male,France,36,21/05/2015,2587
1505,Gaston,Brumm,Male,United States,24,21/05/2015,2554
1511,Franklyn,Unknow,Male,France,38,15/10/2017,2579
1513,Replaced,Zabriskie,Male,Great Britain,26,21/05/2015,2587
1524,Lester,Prothro,Male,France,21,15/10/2017,6574
1528,Garth,Gangi,Male,United States,41,16/08/2016,3256
1534,Dewitt,Borger,Male,United States,36,21/05/2015,8514
1539,Chase,Karner,Male,United States,37,15/10/2017,2154
1540,Tommie,Underdahl,Male,United States,26,16/08/2016,3265
1542,Angel,Sanor,Male,France,24,15/10/2017,3259
1544,Weston,Martina,Male,United States,26,21/05/2015,6540
1548,Jeromy,Danz,Male,United States,39,15/10/2017,3265
1552,Philip,Gent,Male,France,36,21/05/2015,2587
1555,Gaston,Brumm,Male,United States,24,21/05/2015,2554
1561,Franklyn,Unknow,Male,France,38,15/10/2017,2579
1563,Replaced,Zabriskie,Male,Great Britain,26,21/05/2015,2587
1574,Lester,Prothro,Male,France,21,15/10/2017,6574
1578,Garth,Gangi,Male,United States,41,16/08/2016,3256
1584,Dewitt,Borger,Male,United States,36,21/05/2015,8514
1589,Chase,Karner,Male,United States,37,15/10/2017,2154
1590,Tommie,Underdahl,Male,United States,26,16/08/2016,3265
1592,Angel,Sanor,Male,France,24,15/10/2017,3259
1594,Weston,Martina,Male,United States,26,21/05/2015,6540
1598,Jeromy,Danz,Male,United States,39,15/10/2017,3265
1602,Philip,Gent,Male,France,36,21/05/2015,2587
1605,Gaston,Brumm,Male,United States,24,21/05/2015,2554
1611,Franklyn,Unknow,Male,France,38,15/10/2017,2579
1613,Replaced,Zabriskie,Male,Great Britain,26,21/05/2015,2587
1624,Lester,Prothro,Male,France,21,15/10/2017,6574
1628,Garth,Gangi,Male,United States,41,16/08/2016,3256
1634,Dewitt,Borger,Male,United States,36,21/05/2015,8514
1639,Chase,Karner,Male,United States,37,15/10/2017,2154
1640,Tommie,Underdahl,Male,United States,26,16/08/2016,3265
1642,Angel,Sanor,Male,France,24,15/10/2017,3259
1644,Weston,Martina,Male,United States,26,21/05/2015,6540
1648,Jeromy,Danz,Male,United States,39,15/10/2017,3265
1652,Philip,Gent,Male,France,36,21/05/2015,2587
1655,Gaston,Brumm,Male,United States,24,21/05/2015,2554
1661,Franklyn,Unknow,Male,France,38,15/10/2017,2579
1663,Replaced,Zabriskie,Male,Great Britain,26,21/05/2015,2587
1674,Lester,Prothro,Male,France,21,15/10/2017,6574
1678,Garth,Gangi,Male,United States,41,16/08/2016,3256
1684,Dewitt,Borger,Male,United States,36,21/05/2015,8514
1689,Chase,Karner,Male,United States,37,15/10/2017,2154
1690,Tommie,Underdahl,Male,United States,26,16/08/2016,3265
1692,Angel,Sanor,Male,France,24,15/10/2017,3259
1694,Weston,Martina,Male,United States,26,21/05/2015,6540
1698,Jeromy,Danz,Male,United States,39,15/10/2017,3265
1702,Philip,Gent,Male,France,36,21/05/2015,2587
1705,Gaston,Brumm,Male,United States,24,21/05/2015,2554
1711,Franklyn,Unknow,Male,France,38,15/10/2017,2579
1713,Replaced,Zabriskie,Male,Great Britain,26,21/05/2015,2587
1724,Lester,Prothro,Male,France,21,15/10/2017,6574
1728,Garth,Gangi,Male,United States,41,16/08/2016,3256
1734,Dewitt,Borger,Male,United States,36,21/05/2015,8514
1739,Chase,Karner,Male,United States,37,15/10/2017,2154
1740,Tommie,Underdahl,Male,United States,26,16/08/2016,3265
1742,Angel,Sanor,Male,France,24,15/10/2017,3259
1744,Weston,Martina,Male,United States,26,21/05/2015,6540
1748,Jeromy,Danz,Male,United States,39,15/10/2017,3265
1752,Philip,Gent,Male,France,36,21/05/2015,2587
1755,Gaston,Brumm,Male,United States,24,21/05/2015,2554
1761,Franklyn,Unknow,Male,France,38,15/10/2017,2579
1763,Replaced,Zabriskie,Male,Great Britain,26,21/05/2015,2587
1774,Lester,Prothro,Male,France,21,15/10/2017,6574
1778,Garth,Gangi,Male,United States,41,16/08/2016,3256
1784,Dewitt,Borger,Male,United States,36,21/05/2015,8514
1789,Chase,Karner,Male,United States,37,15/10/2017,2154
1790,Tommie,Underdahl,Male,United States,26,16/08/2016,3265
1792,Angel,Sanor,Male,France,24,15/10/2017,3259
1794,Weston,Martina,Male,United States,26,21/05/2015,6540
1798,Jeromy,Danz,Male,United States,39,15/10/2017,3265
1802,Philip,Gent,Male,France,36,21/05/2015,2587
1805,Gaston,Brumm,Male,United States,24,21/05/2015,2554
1811,Franklyn,Unknow,Male,France,38,15/10/2017,2579
1813,Replaced,Zabriskie,Male,Great Britain,26,21/05/2015,2587
1824,Lester,Prothro,Male,France,21,15/10/2017,6574
1828,Garth,Gangi,Male,United States,41,16/08/2016,3256
1834,Dewitt,Borger,Male,United States,36,21/05/2015,8514
1839,Chase,Karner,Male,United States,37,15/10/2017,2154
1840,Tommie,Underdahl,Male,United States,26,16/08/2016,3265
1842,Angel,Sanor,Male,France,24,15/10/2017,3259
1844,Weston,Martina,Male,United States,26,21/05/2015,6540
1848,Jeromy,Danz,Male,United States,39,15/10/2017,3265
1852,Philip,Gent,Male,France,36,21/05/2015,2587
1855,Gaston,Brumm,Male,United States,24,21/05/2015,2554
1861,Franklyn,Unknow,Male,France,38,15/10/2017,2579
1863,Replaced,Zabriskie,Male,Great Britain,26,21/05/2015,2587
1874,Lester,Prothro,Male,France,21,15/10/2017,6574
1878,Garth,Gangi,Male,United States,41,16/08/2016,3256
1884,Dewitt,Borger,Male,United States,36,21/05/2015,8514
1889,Chase,Karner,Male,United States,37,15/10/2017,2154
1890,Tommie,Underdahl,Male,United States,26,16/08/2016,3265
1892,Angel,Sanor,Male,France,24,15/10/2017,3259
1894,Weston,Martina,Male,United States,26,21/05/2015,6540
1898,Jeromy,Danz,Male,United States,39,15/10/2017,3265
1902,Philip,Gent,Male,France,36,21/05/2015,2587
1905,Gaston,Brumm,Male,United States,24,21/05/2015,2554
1911,Franklyn,Unknow,Male,France,38,15/10/2017,2579
1913,Replaced,Zabriskie,Male,Great Britain,26,21/05/2015,2587
1924,Lester,Prothro,Male,France,21,15/10/2017,6574
1928,Garth,Gangi,Male,United States,41,16/08/2016,3256
1934,Dewitt,Borger,Male,United States,36,21/05/2015,8514
1939,Chase,Karner,Male,United States,37,15/10/2017,2154
1940,Tommie,Underdahl,Male,United States,26,16/08/2016,3265
1942,Angel,Sanor,Male,France,24,15/10/2017,3259
1944,Weston,Martina,Male,United States,26,21/05/2015,6540
1948,Jeromy,Danz,Male,United States,39,15/10/2017,3265
1952,Philip,Gent,Male,France,36,21/05/2015,2587
1955,Gaston,Brumm,Male,United States,24,21/05/2015,2554
1961,Franklyn,Unknow,Male,France,38,15/10/2017,2579
1963,Replaced,Zabriskie,Male,Great Britain,26,21/05/2015,2587
1974,Lester,Prothro,Male,France,21,15/10/2017,6574
1978,Garth,Gangi,Male,United States,41,16/08/2016,3256
1984,Dewitt,Borger,Male,United States,36,21/05/2015,8514
1989,Chase,Karner,Male,United States,37,15/10/2017,2154
1990,Tommie,Underdahl,Male,United States,26,16/08/2016,3265
1992,Angel,Sanor,Male,France,24,15/10/2017,3259
1994,Weston,Martina,Male,United States,26,21/05/2015,6540
1998,Jeromy,Danz,Male,United States,39,15/10/2017,3265
2002,Philip,Gent,Male,France,36,21/05/2015,2587
2005,Gaston,Brumm,Male,United States,24,21/05/2015,2554
2011,Franklyn,Unknow,Male,France,38,15/10/2017,2579
2013,Replaced,Zabriskie,Male,Great Britain,26,21/05/2015,2587
2024,Lester,Prothro,Male,France,21,15/10/2017,6574
2028,Garth,Gangi,Male,United States,41,16/08/2016,3256
2034,Dewitt,Borger,Male,United States,36,21/05/2015,8514
2039,Chase,Karner,Male,United States,37,15/10/2017,2154
2040,Tommie,Underdahl,Male,United States,26,16/08/2016,3265
2042,Angel,Sanor,Male,France,24,15/10/2017,3259
2044,Weston,Martina,Male,United States,26,21/05/2015,6540
2048,Jeromy,Danz,Male,United States,39,15/10/2017,3265
2052,Philip,Gent,Male,France,36,21/05/2015,2587
2055,Gaston,Brumm,Male,United States,24,21/05/2015,2554
2061,Franklyn,Unknow,Male,France,38,15/10/2017,2579
2063,Replaced,Zabriskie,Male,Great Britain,26,21/05/2015,2587
2074,Lester,Prothro,Male,France,21,15/10/2017,6574
2078,Garth,Gangi,Male,United States,41,16/08/2016,3256
2084,Dewitt,Borger,Male,United States,36,21/05/2015,8514
2089,Chase,Karner,Male,United States,37,15/10/2017,2154
2090,Tommie,Underdahl,Male,United States,26,16/08/2016,3265
2092,Angel,Sanor,Male,France,24,15/10/2017,3259
2094,Weston,Martina,Male,United States,26,21/05/2015,6540
2098,Jeromy,Danz,Male,United States,39,15/10/2017,3265
2102,Philip,Gent,Male,France,36,21/05/2015,2587
2105,Gaston,Brumm,Male,United States,24,21/05/2015,2554
2111,Franklyn,Unknow,Male,France,38,15/10/2017,2579
2113,Replaced,Zabriskie,Male,Great Britain,26,21/05/2015,2587
2124,Lester,Prothro,Male,France,21,15/10/2017,6574
2128,Garth,Gangi,Male,United States,41,16/08/2016,3256
2134,Dewitt,Borger,Male,United States,36,21/05/2015,8514
2139,Chase,Karner,Male,United States,37,15/10/2017,2154
2140,Tommie,Underdahl,Male,United States,26,16/08/2016,3265
2142,Angel,Sanor,Male,France,24,15/10/2017,3259
2144,Weston,Martina,Male,United States,26,21/05/2015,6540
2148,Jeromy,Danz,Male,United States,39,15/10/2017,3265
2152,Philip,Gent,Male,France,36,21/05/2015,2587
2155,Gaston,Brumm,Male,United States,24,21/05/2015,2554
2161,Franklyn,Unknow,Male,France,38,15/10/2017,2579
2163,Replaced,Zabriskie,Male,Great Britain,26,21/05/2015,2587
2174,Lester,Prothro,Male,France,21,15/10/2017,6574
2178,Garth,Gangi,Male,United States,41,16/08/2016,3256
2184,Dewitt,Borger,Male,United States,36,21/05/2015,8514
2189,Chase,Karner,Male,United States,37,15/10/2017,2154
2190,Tommie,Underdahl,Male,United States,26,16/08/2016,3265
2192,Angel,Sanor,Male,France,24,15/10/2017,3259
2194,Weston,Martina,Male,United States,26,21/05/2015,6540
2198,Jeromy,Danz,Male,United States,39,15/10/2017,3265
2202,Philip,Gent,Male,France,36,21/05/2015,2587
2205,Gaston,Brumm,Male,United States,24,21/05/2015,2554
2211,Franklyn,Unknow,Male,France,38,15/10/2017,2579
2213,Replaced,Zabriskie,Male,Great Britain,26,21/05/2015,2587
2224,Lester,Prothro,Male,France,21,15/10/2017,6574
2228,Garth,Gangi,Male,United States,41,16/08/2016,3256
2234,Dewitt,Borger,Male,United States,36,21/05/2015,8514
2239,Chase,Karner,Male,United States,37,15/10/2017,2154
2240,Tommie,Underdahl,Male,United States,26,16/08/2016,3265
2242,Angel,Sanor,Male,France,24,15/10/2017,3259
2244,Weston,Martina,Male,United States,26,21/05/2015,6540
2248,Jeromy,Danz,Male,United States,39,15/10/2017,3265
2252,Philip,Gent,Male,France,36,21/05/2015,2587
2255,Gaston,Brumm,Male,United States,24,21/05/2015,2554
2261,Franklyn,Unknow,Male,France,38,15/10/2017,2579
2263,Replaced,Zabriskie,Male,Great Britain,26,21/05/2015,2587
2274,Lester,Prothro,Male,France,21,15/10/2017,6574
2278,Garth,Gangi,Male,United States,41,16/08/2016,3256
2284,Dewitt,Borger,Male,United States,36,21/05/2015,8514
2289,Chase,Karner,Male,United States,37,15/10/2017,2154
2290,Tommie,Underdahl,Male,United States,26,16/08/2016,3265
2292,Angel,Sanor,Male,France,24,15/10/2017,3259
2294,Weston,Martina,Male,United States,26,21/05/2015,6540
2298,Jeromy,Danz,Male,United States,39,15/10/2017,3265
2302,Philip,Gent,Male,France,36,21/05/2015,2587
2305,Gaston,Brumm,Male,United States,24,21/05/2015,2554
2311,Franklyn,Unknow,Male,France,38,15/10/2017,2579
2313,Replaced,Zabriskie,Male,Great Britain,26,21/05/2015,2587
2324,Lester,Prothro,Male,France,21,15/10/2017,6574
2328,Garth,Gangi,Male,United States,41,16/08/2016,3256
2334,Dewitt,Borger,Male,United States,36,21/05/2015,8514
2339,Chase,Karner,Male,United States,37,15/10/2017,2154
2340,Tommie,Underdahl,Male,United States,26,16/08/2016,3265
2342,Angel,Sanor,Male,France,24,15/10/2017,3259
2344,Weston,Martina,Male,United States,26,21/05/2015,6540
2348,Jeromy,Danz,Male,United States,39,15/10/2017,3265
2352,Philip,Gent,Male,France,36,21/05/2015,2587
2355,Gaston,Brumm,Male,United States,24,21/05/2015,2554
2361,Franklyn,Unknow,Male,France,38,15/10/2017,2579
2363,Replaced,Zabriskie,Male,Great Britain,26,21/05/2015,2587
2374,Lester,Prothro,Male,France,21,15/10/2017,6574
2378,Garth,Gangi,Male,United States,41,16/08/2016,3256
2384,Dewitt,Borger,Male,United States,36,21/05/2015,8514
2389,Chase,Karner,Male,United States,37,15/10/2017,2154
2390,Tommie,Underdahl,Male,United States,26,16/08/2016,3265
2392,Angel,Sanor,Male,France,24,15/10/2017,3259
2394,Weston,Martina,Male,United States,26,21/05/2015,6540
2398,Jeromy,Danz,Male,United States,39,15/10/2017,3265
2402,Philip,Gent,Male,France,36,21/05/2015,2587
2405,Gaston,Brumm,Male,United States,24,21/05/2015,2554
2411,Franklyn,Unknow,Male,France,38,15/10/2017,2579
2413,Replaced,Zabriskie,Male,Great Britain,26,21/05/2015,2587
2424,Lester,Prothro,Male,France,21,15/10/2017,6574
2428,Garth,Gangi,Male,United States,41,16/08/2016,3256
2434,Dewitt,Borger,Male,United States,36,21/05/2015,8514
2439,Chase,Karner,Male,United States,37,15/10/2017,2154
2440,Tommie,Underdahl,Male,United States,26,16/08/2016,3265
2442,Angel,Sanor,Male,France,24,15/10/2017,3259
2444,Weston,Martina,Male,United States,26,21/05/2015,6540
2448,Jeromy,Danz,Male,United States,39,15/10/2017,3265
2452,Philip,Gent,Male,France,36,21/05/2015,2587
2455,Gaston,Brumm,Male,United States,24,21/05/2015,2554
2461,Franklyn,Unknow,Male,France,38,15/10/2017,2579
2463,Replaced,Zabriskie,Male,Great Britain,26,21/05/2015,2587
2474,Lester,Prothro,Male,France,21,15/10/2017,6574
2478,Garth,Gangi,Male,United States,41,16/08/2016,3256
2484,Dewitt,Borger,Male,United States,36,21/05/2015,8514
2489,Chase,Karner,Male,United States,37,15/10/2017,2154
2490,Tommie,Underdahl,Male,United States,26,16/08/2016,3265
2492,Angel,Sanor,Male,France,24,15/10/2017,3259
2494,Weston,Martina,Male,United States,26,21/05/2015,6540
2498,Jeromy,Danz,Male,United States,39,15/10/2017,3265
2502,Philip,Gent,Male,France,36,21/05/2015,2587
2505,Gaston,Brumm,Male,United States,24,21/05/2015,2554
2511,Franklyn,Unknow,Male,France,38,15/10/2017,2579
2513,Replaced,Zabriskie,Male,Great Britain,26,21/05/2015,2587
2524,Lester,Prothro,Male,France,21,15/10/2017,6574
2528,Garth,Gangi,Male,United States,41,16/08/2016,3256
2534,Dewitt,Borger,Male,United States,36,21/05/2015,8514
2539,Chase,Karner,Male,United States,37,15/10/2017,2154
2540,Tommie,Underdahl,Male,United States,26,16/08/2016,3265
2542,Angel,Sanor,Male,France,24,15/10/2017,3259
2544,Weston,Martina,Male,United States,26,21/05/2015,6540
2548,Jeromy,Danz,Male,United States,39,15/10/2017,3265
2552,Philip,Gent,Male,France,36,21/05/2015,2587
2555,Gaston,Brumm,Male,United States,24,21/05/2015,2554
2561,Franklyn,Unknow,Male,France,38,15/10/2017,2579
2563,Replaced,Zabriskie,Male,Great Britain,26,21/05/2015,2587
2574,Lester,Prothro,Male,France,21,15/10/2017,6574
2578,Garth,Gangi,Male,United States,41,16/08/2016,3256
2584,Dewitt,Borger,Male,United States,36,21/05/2015,8514
2589,Chase,Karner,Male,United States,37,15/10/2017,2154
2590,Tommie,Underdahl,Male,United States,26,16/08/2016,3265
2592,Angel,Sanor,Male,France,24,15/10/2017,3259
2594,Weston,Martina,Male,United States,26,21/05/2015,6540
2598,Jeromy,Danz,Male,United States,39,15/10/2017,3265
2602,Philip,Gent,Male,France,36,21/05/2015,2587
2605,Gaston,Brumm,Male,United States,24,21/05/2015,2554
2611,Franklyn,Unknow,Male,France,38,15/10/2017,2579
2613,Replaced,Zabriskie,Male,Great Britain,26,21/05/2015,2587
2624,Lester,Prothro,Male,France,21,15/10/2017,6574
2628,Garth,Gangi,Male,United States,41,16/08/2016,3256
2634,Dewitt,Borger,Male,United States,36,21/05/2015,8514
2639,Chase,Karner,Male,United States,37,15/10/2017,2154
2640,Tommie,Underdahl,Male,United States,26,16/08/2016,3265
2642,Angel,Sanor,Male,France,24,15/10/2017,3259
2644,Weston,Martina,Male,United States,26,21/05/2015,6540
2648,Jeromy,Danz,Male,United States,39,15/10/2017,3265
2652,Philip,Gent,Male,France,36,21/05/2015,2587
2655,Gaston,Brumm,Male,United States,24,21/05/2015,2554
2661,Franklyn,Unknow,Male,France,38,15/10/2017,2579
2663,Replaced,Zabriskie,Male,Great Britain,26,21/05/2015,2587
2674,Lester,Prothro,Male,France,21,15/10/2017,6574
2678,Garth,Gangi,Male,United States,41,16/08/2016,3256
2684,Dewitt,Borger,Male,United States,36,21/05/2015,8514
2689,Chase,Karner,Male,United States,37,15/10/2017,2154
2690,Tommie,Underdahl,Male,United States,26,16/08/2016,3265
2692,Angel,Sanor,Male,France,24,15/10/2017,3259
2694,Weston,Martina,Male,United States,26,21/05/2015,6540
2698,Jeromy,Danz,Male,United States,39,15/10/2017,3265
2702,Philip,Gent,Male,France,36,21/05/2015,2587
2705,Gaston,Brumm,Male,United States,24,21/05/2015,2554
2711,Franklyn,Unknow,Male,France,38,15/10/2017,2579
2713,Replaced,Zabriskie,Male,Great Britain,26,21/05/2015,2587
2724,Lester,Prothro,Male,France,21,15/10/2017,6574
2728,Garth,Gangi,Male,United States,41,16/08/2016,3256
2734,Dewitt,Borger,Male,United States,36,21/05/2015,8514
2739,Chase,Karner,Male,United States,37,15/10/2017,2154
2740,Tommie,Underdahl,Male,United States,26,16/08/2016,3265
2742,Angel,Sanor,Male,France,24,15/10/2017,3259
2744,Weston,Martina,Male,United States,26,21/05/2015,6540
2748,Jeromy,Danz,Male,United States,39,15/10/2017,3265
2752,Philip,Gent,Male,France,36,21/05/2015,2587
2755,Gaston,Brumm,Male,United States,24,21/05/2015,2554
2761,Franklyn,Unknow,Male,France,38,15/10/2017,2579
2763,Replaced,Zabriskie,Male,Great Britain,26,21/05/2015,2587
2774,Lester,Prothro,Male,France,21,15/10/2017,6574
2778,Garth,Gangi,Male,United States,41,16/08/2016,3256
2784,Dewitt,Borger,Male,United States,36,21/05/2015,8514
2789,Chase,Karner,Male,United States,37,15/10/2017,2154
2790,Tommie,Underdahl,Male,United States,26,16/08/2016,3265
2792,Angel,Sanor,Male,France,24,15/10/2017,3259
2794,Weston,Martina,Male,United States,26,21/05/2015,6540
2798,Jeromy,Danz,Male,United States,39,15/10/2017,3265
2802,Philip,Gent,Male,France,36,21/05/2015,2587
2805,Gaston,Brumm,Male,United States,24,21/05/2015,2554
2811,Franklyn,Unknow,Male,France,38,15/10/2017,2579
2813,Replaced,Zabriskie,Male,Great Britain,26,21/05/2015,2587
2824,Lester,Prothro,Male,France,21,15/10/2017,6574
2828,Garth,Gangi,Male,United States,41,16/08/2016,3256
2834,Dewitt,Borger,Male,United States,36,21/05/2015,8514
2839,Chase,Karner,Male,United States,37,15/10/2017,2154
2840,Tommie,Underdahl,Male,United States,26,16/08/2016,3265
2842,Angel,Sanor,Male,France,24,15/10/2017,3259
2844,Weston,Martina,Male,United States,26,21/05/2015,6540
2848,Jeromy,Danz,Male,United States,39,15/10/2017,3265
2852,Philip,Gent,Male,France,36,21/05/2015,2587
2855,Gaston,Brumm,Male,United States,24,21/05/2015,2554
2861,Franklyn,Unknow,Male,France,38,15/10/2017,2579
2863,Replaced,Zabriskie,Male,Great Britain,26,21/05/2015,2587
2874,Lester,Prothro,Male,France,21,15/10/2017,6574
2878,Garth,Gangi,Male,United States,41,16/08/2016,3256
2884,Dewitt,Borger,Male,United States,36,21/05/2015,8514
2889,Chase,Karner,Male,United States,37,15/10/2017,2154
2890,Tommie,Underdahl,Male,United States,26,16/08/2016,3265
2892,Angel,Sanor,Male,France,24,15/10/2017,3259
2894,Weston,Martina,Male,United States,26,21/05/2015,6540
2898,Jeromy,Danz,Male,United States,39,15/10/2017,3265
2902,Philip,Gent,Male,France,36,21/05/2015,2587
2905,Gaston,Brumm,Male,United States,24,21/05/2015,2554
2911,Franklyn,Unknow,Male,France,38,15/10/2017,2579
2913,Replaced,Zabriskie,Male,Great Britain,26,21/05/2015,2587
2924,Lester,Prothro,Male,France,21,15/10/2017,6574
2928,Garth,Gangi,Male,United States,41,16/08/2016,3256
2934,Dewitt,Borger,Male,United States,36,21/05/2015,8514
2939,Chase,Karner,Male,United States,37,15/10/2017,2154
2940,Tommie,Underdahl,Male,United States,26,16/08/2016,3265
2942,Angel,Sanor,Male,France,24,15/10/2017,3259
2944,Weston,Martina,Male,United States,26,21/05/2015,6540
2948,Jeromy,Danz,Male,United States,39,15/10/2017,3265
2952,Philip,Gent,Male,France,36,21/05/2015,2587
2955,Gaston,Brumm,Male,United States,24,21/05/2015,2554
2961,Franklyn,Unknow,Male,France,38,15/10/2017,2579
2963,Replaced,Zabriskie,Male,Great Britain,26,21/05/2015,2587
2974,Lester,Prothro,Male,France,21,15/10/2017,6574
2978,Garth,Gangi,Male,United States,41,16/08/2016,3256
2984,Dewitt,Borger,Male,United States,36,21/05/2015,8514
2989,Chase,Karner,Male,United States,37,15/10/2017,2154
2990,Tommie,Underdahl,Male,United States,26,16/08/2016,3265
2992,Angel,Sanor,Male,France,24,15/10/2017,3259
2994,Weston,Martina,Male,United States,26,21/05/2015,6540
2998,Jeromy,Danz,Male,United States,39,15/10/2017,3265
3002,Philip,Gent,Male,France,36,21/05/2015,2587
3005,Gaston,Brumm,Male,United States,24,21/05/2015,2554
3011,Franklyn,Unknow,Male,France,38,15/10/2017,2579
3013,Replaced,Zabriskie,Male,Great Britain,26,21/05/2015,2587
3024,Lester,Prothro,Male,France,21,15/10/2017,6574
3028,Garth,Gangi,Male,United States,41,16/08/2016,3256
3034,Dewitt,Borger,Male,United States,36,21/05/2015,8514
3039,Chase,Karner,Male,United States,37,15/10/2017,2154
3040,Tommie,Underdahl,Male,United States,26,16/08/2016,3265
3042,Angel,Sanor,Male,France,24,15/10/2017,3259
3044,Weston,Martina,Male,United States,26,21/05/2015,6540
3048,Jeromy,Danz,Male,United States,39,15/10/2017,3265
3052,Philip,Gent,Male,France,36,21/05/2015,2587
3055,Gaston,Brumm,Male,United States,24,21/05/2015,2554
3061,Franklyn,Unknow,Male,France,38,15/10/2017,2579
3063,Replaced,Zabriskie,Male,Great Britain,26,21/05/2015,2587
3074,Lester,Prothro,Male,France,21,15/10/2017,6574
3078,Garth,Gangi,Male,United States,41,16/08/2016,3256
3084,Dewitt,Borger,Male,United States,36,21/05/2015,8514
3089,Chase,Karner,Male,United States,37,15/10/2017,2154
3090,Tommie,Underdahl,Male,United States,26,16/08/2016,3265
3092,Angel,Sanor,Male,France,24,15/10/2017,3259
3094,Weston,Martina,Male,United States,26,21/05/2015,6540
3098,Jeromy,Danz,Male,United States,39,15/10/2017,3265
3102,Philip,Gent,Male,France,36,21/05/2015,2587
3105,Gaston,Brumm,Male,United States,24,21/05/2015,2554
3111,Franklyn,Unknow,Male,France,38,15/10/2017,2579
3113,Replaced,Zabriskie,Male,Great Britain,26,21/05/2015,2587
3124,Lester,Prothro,Male,France,21,15/10/2017,6574
3128,Garth,Gangi,Male,United States,41,16/08/2016,3256
3134,Dewitt,Borger,Male,United States,36,21/05/2015,8514
3139,Chase,Karner,Male,United States,37,15/10/2017,2154
3140,Tommie,Underdahl,Male,United States,26,16/08/2016,3265
3142,Angel,Sanor,Male,France,24,15/10/2017,3259
3144,Weston,Martina,Male,United States,26,21/05/2015,6540
3148,Jeromy,Danz,Male,United States,39,15/10/2017,3265
3152,Philip,Gent,Male,France,36,21/05/2015,2587
3155,Gaston,Brumm,Male,United States,24,21/05/2015,2554
3161,Franklyn,Unknow,Male,France,38,15/10/2017,2579
3163,Replaced,Zabriskie,Male,Great Britain,26,21/05/2015,2587
3174,Lester,Prothro,Male,France,21,15/10/2017,6574
3178,Garth,Gangi,Male,United States,41,16/08/2016,3256
3184,Dewitt,Borger,Male,United States,36,21/05/2015,8514
3189,Chase,Karner,Male,United States,37,15/10/2017,2154
3190,Tommie,Underdahl,Male,United States,26,16/08/2016,3265
3192,Angel,Sanor,Male,France,24,15/10/2017,3259
3194,Weston,Martina,Male,United States,26,21/05/2015,6540
3198,Jeromy,Danz,Male,United States,39,15/10/2017,3265
3202,Philip,Gent,Male,France,36,21/05/2015,2587
3205,Gaston,Brumm,Male,United States,24,21/05/2015,2554
3211,Franklyn,Unknow,Male,France,38,15/10/2017,2579
3213,Replaced,Zabriskie,Male,Great Britain,26,21/05/2015,2587
3224,Lester,Prothro,Male,France,21,15/10/2017,6574
3228,Garth,Gangi,Male,United States,41,16/08/2016,3256
3234,Dewitt,Borger,Male,United States,36,21/05/2015,8514
3239,Chase,Karner,Male,United States,37,15/10/2017,2154
3240,Tommie,Underdahl,Male,United States,26,16/08/2016,3265
3242,Angel,Sanor,Male,France,24,15/10/2017,3259
3244,Weston,Martina,Male,United States,26,21/05/2015,6540
3248,Jeromy,Danz,Male,United States,39,15/10/2017,3265
3252,Philip,Gent,Male,France,36,21/05/2015,2587
3255,Gaston,Brumm,Male,United States,24,21/05/2015,2554
3261,Franklyn,Unknow,Male,France,38,15/10/2017,2579
3263,Replaced,Zabriskie,Male,Great Britain,26,21/05/2015,2587
3274,Lester,Prothro,Male,France,21,15/10/2017,6574
3278,Garth,Gangi,Male,United States,41,16/08/2016,3256
3284,Dewitt,Borger,Male,United States,36,21/05/2015,8514
3289,Chase,Karner,Male,United States,37,15/10/2017,2154
3290,Tommie,Underdahl,Male,United States,26,16/08/2016,3265
3292,Angel,Sanor,Male,France,24,15/10/2017,3259
3294,Weston,Martina,Male,United States,26,21/05/2015,6540
3298,Jeromy,Danz,Male,United States,39,15/10/2017,3265
3302,Philip,Gent,Male,France,36,21/05/2015,2587
3305,Gaston,Brumm,Male,United States,24,21/05/2015,2554
3311,Franklyn,Unknow,Male,France,38,15/10/2017,2579
3313,Replaced,Zabriskie,Male,Great Britain,26,21/05/2015,2587
3324,Lester,Prothro,Male,France,21,15/10/2017,6574
3328,Garth,Gangi,Male,United States,41,16/08/2016,3256
3334,Dewitt,Borger,Male,United States,36,21/05/2015,8514
3339,Chase,Karner,Male,United States,37,15/10/2017,2154
3340,Tommie,Underdahl,Male,United States,26,16/08/2016,3265
3342,Angel,Sanor,Male,France,24,15/10/2017,3259
3344,Weston,Martina,Male,United States,26,21/05/2015,6540
3348,Jeromy,Danz,Male,United States,39,15/10/2017,3265
3352,Philip,Gent,Male,France,36,21/05/2015,2587
3355,Gaston,Brumm,Male,United States,24,21/05/2015,2554
3361,Franklyn,Unknow,Male,France,38,15/10/2017,2579
3363,Replaced,Zabriskie,Male,Great Britain,26,21/05/2015,2587
3374,Lester,Prothro,Male,France,21,15/10/2017,6574
3378,Garth,Gangi,Male,United States,41,16/08/2016,3256
3384,Dewitt,Borger,Male,United States,36,21/05/2015,8514
3389,Chase,Karner,Male,United States,37,15/10/2017,2154
3390,Tommie,Underdahl,Male,United States,26,16/08/2016,3265
3392,Angel,Sanor,Male,France,24,15/10/2017,3259
3394,Weston,Martina,Male,United States,26,21/05/2015,6540
3398,Jeromy,Danz,Male,United States,39,15/10/2017,3265
3402,Philip,Gent,Male,France,36,21/05/2015,2587
3405,Gaston,Brumm,Male,United States,24,21/05/2015,2554
3411,Franklyn,Unknow,Male,France,38,15/10/2017,2579
3413,Replaced,Zabriskie,Male,Great Britain,26,21/05/2015,2587
3424,Lester,Prothro,Male,France,21,15/10/2017,6574
3428,Garth,Gangi,Male,United States,41,16/08/2016,3256
3434,Dewitt,Borger,Male,United States,36,21/05/2015,8514
3439,Chase,Karner,Male,United States,37,15/10/2017,2154
3440,Tommie,Underdahl,Male,United States,26,16/08/2016,3265
3442,Angel,Sanor,Male,France,24,15/10/2017,3259
3444,Weston,Martina,Male,United States,26,21/05/2015,6540
3448,Jeromy,Danz,Male,United States,39,15/10/2017,3265
3452,Philip,Gent,Male,France,36,21/05/2015,2587
3455,Gaston,Brumm,Male,United States,24,21/05/2015,2554
3461,Franklyn,Unknow,Male,France,38,15/10/2017,2579
3463,Replaced,Zabriskie,Male,Great Britain,26,21/05/2015,2587
3474,Lester,Prothro,Male,France,21,15/10/2017,6574
3478,Garth,Gangi,Male,United States,41,16/08/2016,3256
3484,Dewitt,Borger,Male,United States,36,21/05/2015,8514
3489,Chase,Karner,Male,United States,37,15/10/2017,2154
3490,Tommie,Underdahl,Male,United States,26,16/08/2016,3265
3492,Angel,Sanor,Male,France,24,15/10/2017,3259
3494,Weston,Martina,Male,United States,26,21/05/2015,6540
3498,Jeromy,Danz,Male,United States,39,15/10/2017,3265
3502,Philip,Gent,Male,France,36,21/05/2015,2587
3505,Gaston,Brumm,Male,United States,24,21/05/2015,2554
3511,Franklyn,Unknow,Male,France,38,15/10/2017,2579
3513,Replaced,Zabriskie,Male,Great Britain,26,21/05/2015,2587
3524,Lester,Prothro,Male,France,21,15/10/2017,6574
3528,Garth,Gangi,Male,United States,41,16/08/2016,3256
3534,Dewitt,Borger,Male,United States,36,21/05/2015,8514
3539,Chase,Karner,Male,United States,37,15/10/2017,2154
3540,Tommie,Underdahl,Male,United States,26,16/08/2016,3265
3542,Angel,Sanor,Male,France,24,15/10/2017,3259
3544,Weston,Martina,Male,United States,26,21/05/2015,6540
3548,Jeromy,Danz,Male,United States,39,15/10/2017,3265
3552,Philip,Gent,Male,France,36,21/05/2015,2587
3555,Gaston,Brumm,Male,United States,24,21/05/2015,2554
3561,Franklyn,Unknow,Male,France,38,15/10/2017,2579
3563,Replaced,Zabriskie,Male,Great Britain,26,21/05/2015,2587
3574,Lester,Prothro,Male,France,21,15/10/2017,6574
3578,Garth,Gangi,Male,United States,41,16/08/2016,3256
3584,Dewitt,Borger,Male,United States,36,21/05/2015,8514
3589,Chase,Karner,Male,United States,37,15/10/2017,2154
3590,Tommie,Underdahl,Male,United States,26,16/08/2016,3265
3592,Angel,Sanor,Male,France,24,15/10/2017,3259
3594,Weston,Martina,Male,United States,26,21/05/2015,6540
3598,Jeromy,Danz,Male,United States,39,15/10/2017,3265
3602,Philip,Gent,Male,France,36,21/05/2015,2587
3605,Gaston,Brumm,Male,United States,24,21/05/2015,2554
3611,Franklyn,Unknow,Male,France,38,15/10/2017,2579
3613,Replaced,Zabriskie,Male,Great Britain,26,21/05/2015,2587
3624,Lester,Prothro,Male,France,21,15/10/2017,6574
3628,Garth,Gangi,Male,United States,41,16/08/2016,3256
3634,Dewitt,Borger,Male,United States,36,21/05/2015,8514
3639,Chase,Karner,Male,United States,37,15/10/2017,2154
3640,Tommie,Underdahl,Male,United States,26,16/08/2016,3265
3642,Angel,Sanor,Male,France,24,15/10/2017,3259
3644,Weston,Martina,Male,United States,26,21/05/2015,6540
3648,Jeromy,Danz,Male,United States,39,15/10/2017,3265
3652,Philip,Gent,Male,France,36,21/05/2015,2587
3655,Gaston,Brumm,Male,United States,24,21/05/2015,2554
3661,Franklyn,Unknow,Male,France,38,15/10/2017,2579
3663,Replaced,Zabriskie,Male,Great Britain,26,21/05/2015,2587
3674,Lester,Prothro,Male,France,21,15/10/2017,6574
3678,Garth,Gangi,Male,United States,41,16/08/2016,3256
3684,Dewitt,Borger,Male,United States,36,21/05/2015,8514
3689,Chase,Karner,Male,United States,37,15/10/2017,2154
3690,Tommie,Underdahl,Male,United States,26,16/08/2016,3265
3692,Angel,Sanor,Male,France,24,15/10/2017,3259
3694,Weston,Martina,Male,United States,26,21/05/2015,6540
3698,Jeromy,Danz,Male,United States,39,15/10/2017,3265
3702,Philip,Gent,Male,France,36,21/05/2015,2587
3705,Gaston,Brumm,Male,United States,24,21/05/2015,2554
3711,Franklyn,Unknow,Male,France,38,15/10/2017,2579
3713,Replaced,Zabriskie,Male,Great Britain,26,21/05/2015,2587
3724,Lester,Prothro,Male,France,21,15/10/2017,6574
3728,Garth,Gangi,Male,United States,41,16/08/2016,3256
3734,Dewitt,Borger,Male,United States,36,21/05/2015,8514
3739,Chase,Karner,Male,United States,37,15/10/2017,2154
3740,Tommie,Underdahl,Male,United States,26,16/08/2016,3265
3742,Angel,Sanor,Male,France,24,15/10/2017,3259
3744,Weston,Martina,Male,United States,26,21/05/2015,6540
3748,Jeromy,Danz,Male,United States,39,15/10/2017,3265
3752,Philip,Gent,Male,France,36,21/05/2015,2587
3755,Gaston,Brumm,Male,United States,24,21/05/2015,2554
3761,Franklyn,Unknow,Male,France,38,15/10/2017,2579
3763,Replaced,Zabriskie,Male,Great Britain,26,21/05/2015,2587
3774,Lester,Prothro,Male,France,21,15/10/2017,6574
3778,Garth,Gangi,Male,United States,41,16/08/2016,3256
3784,Dewitt,Borger,Male,United States,36,21/05/2015,8514
3789,Chase,Karner,Male,United States,37,15/10/2017,2154
3790,Tommie,Underdahl,Male,United States,26,16/08/2016,3265
3792,Angel,Sanor,Male,France,24,15/10/2017,3259
3794,Weston,Martina,Male,United States,26,21/05/2015,6540
3798,Jeromy,Danz,Male,United States,39,15/10/2017,3265
3802,Philip,Gent,Male,France,36,21/05/2015,2587
3805,Gaston,Brumm,Male,United States,24,21/05/2015,2554
3811,Franklyn,Unknow,Male,France,38,15/10/2017,2579
3813,Replaced,Zabriskie,Male,Great Britain,26,21/05/2015,2587
3824,Lester,Prothro,Male,France,21,15/10/2017,6574
3828,Garth,Gangi,Male,United States,41,16/08/2016,3256
3834,Dewitt,Borger,Male,United States,36,21/05/2015,8514
3839,Chase,Karner,Male,United States,37,15/10/2017,2154
3840,Tommie,Underdahl,Male,United States,26,16/08/2016,3265
3842,Angel,Sanor,Male,France,24,15/10/2017,3259
3844,Weston,Martina,Male,United States,26,21/05/2015,6540
3848,Jeromy,Danz,Male,United States,39,15/10/2017,3265
3852,Philip,Gent,Male,France,36,21/05/2015,2587
3855,Gaston,Brumm,Male,United States,24,21/05/2015,2554
3861,Franklyn,Unknow,Male,France,38,15/10/2017,2579
3863,Replaced,Zabriskie,Male,Great Britain,26,21/05/2015,2587
3874,Lester,Prothro,Male,France,21,15/10/2017,6574
3878,Garth,Gangi,Male,United States,41,16/08/2016,3256
3884,Dewitt,Borger,Male,United States,36,21/05/2015,8514
3889,Chase,Karner,Male,United States,37,15/10/2017,2154
3890,Tommie,Underdahl,Male,United States,26,16/08/2016,3265
3892,Angel,Sanor,Male,France,24,15/10/2017,3259
3894,Weston,Martina,Male,United States,26,21/05/2015,6540
3898,Jeromy,Danz,Male,United States,39,15/10/2017,3265
3902,Philip,Gent,Male,France,36,21/05/2015,2587
3905,Gaston,Brumm,Male,United States,24,21/05/2015,2554
3911,Franklyn,Unknow,Male,France,38,15/10/2017,2579
3913,Replaced,Zabriskie,Male,Great Britain,26,21/05/2015,2587
3924,Lester,Prothro,Male,France,21,15/10/2017,6574
3928,Garth,Gangi,Male,United States,41,16/08/2016,3256
3934,Dewitt,Borger,Male,United States,36,21/05/2015,8514
3939,Chase,Karner,Male,United States,37,15/10/2017,2154
3940,Tommie,Underdahl,Male,United States,26,16/08/2016,3265
3942,Angel,Sanor,Male,France,24,15/10/2017,3259
3944,Weston,Martina,Male,United States,26,21/05/2015,6540
3948,Jeromy,Danz,Male,United States,39,15/10/2017,3265
3952,Philip,Gent,Male,France,36,21/05/2015,2587
3955,Gaston,Brumm,Male,United States,24,21/05/2015,2554
3961,Franklyn,Unknow,Male,France,38,15/10/2017,2579
3963,Replaced,Zabriskie,Male,Great Britain,26,21/05/2015,2587
3974,Lester,Prothro,Male,France,21,15/10/2017,6574
3978,Garth,Gangi,Male,United States,41,16/08/2016,3256
3984,Dewitt,Borger,Male,United States,36,21/05/2015,8514
3989,Chase,Karner,Male,United States,37,15/10/2017,2154
3990,Tommie,Underdahl,Male,United States,26,16/08/2016,3265
3992,Angel,Sanor,Male,France,24,15/10/2017,3259
3994,Weston,Martina,Male,United States,26,21/05/2015,6540
3998,Jeromy,Danz,Male,United States,39,15/10/2017,3265
4002,Philip,Gent,Male,France,36,21/05/2015,2587
4005,Gaston,Brumm,Male,United States,24,21/05/2015,2554
4011,Franklyn,Unknow,Male,France,38,15/10/2017,2579
4013,Replaced,Zabriskie,Male,Great Britain,26,21/05/2015,2587
4024,Lester,Prothro,Male,France,21,15/10/2017,6574
4028,Garth,Gangi,Male,United States,41,16/08/2016,3256
4034,Dewitt,Borger,Male,United States,36,21/05/2015,8514
4039,Chase,Karner,Male,United States,37,15/10/2017,2154
4040,Tommie,Underdahl,Male,United States,26,16/08/2016,3265
4042,Angel,Sanor,Male,France,24,15/10/2017,3259
4044,Weston,Martina,Male,United States,26,21/05/2015,6540
4048,Jeromy,Danz,Male,United States,39,15/10/2017,3265
4052,Philip,Gent,Male,France,36,21/05/2015,2587
4055,Gaston,Brumm,Male,United States,24,21/05/2015,2554
4061,Franklyn,Unknow,Male,France,38,15/10/2017,2579
4063,Replaced,Zabriskie,Male,Great Britain,26,21/05/2015,2587
4074,Lester,Prothro,Male,France,21,15/10/2017,6574
4078,Garth,Gangi,Male,United States,41,16/08/2016,3256
4084,Dewitt,Borger,Male,United States,36,21/05/2015,8514
4089,Chase,Karner,Male,United States,37,15/10/2017,2154
4090,Tommie,Underdahl,Male,United States,26,16/08/2016,3265
4092,Angel,Sanor,Male,France,24,15/10/2017,3259
4094,Weston,Martina,Male,United States,26,21/05/2015,6540
4098,Jeromy,Danz,Male,United States,39,15/10/2017,3265
4102,Philip,Gent,Male,France,36,21/05/2015,2587
4105,Gaston,Brumm,Male,United States,24,21/05/2015,2554
4111,Franklyn,Unknow,Male,France,38,15/10/2017,2579
4113,Replaced,Zabriskie,Male,Great Britain,26,21/05/2015,2587
4124,Lester,Prothro,Male,France,21,15/10/2017,6574
4128,Garth,Gangi,Male,United States,41,16/08/2016,3256
4134,Dewitt,Borger,Male,United States,36,21/05/2015,8514
4139,Chase,Karner,Male,United States,37,15/10/2017,2154
4140,Tommie,Underdahl,Male,United States,26,16/08/2016,3265
4142,Angel,Sanor,Male,France,24,15/10/2017,3259
4144,Weston,Martina,Male,United States,26,21/05/2015,6540
4148,Jeromy,Danz,Male,United States,39,15/10/2017,3265
4152,Philip,Gent,Male,France,36,21/05/2015,2587
4155,Gaston,Brumm,Male,United States,24,21/05/2015,2554
4161,Franklyn,Unknow,Male,France,38,15/10/2017,2579
4163,Replaced,Zabriskie,Male,Great Britain,26,21/05/2015,2587
4174,Lester,Prothro,Male,France,21,15/10/2017,6574
4178,Garth,Gangi,Male,United States,41,16/08/2016,3256
4184,Dewitt,Borger,Male,United States,36,21/05/2015,8514
4189,Chase,Karner,Male,United States,37,15/10/2017,2154
4190,Tommie,Underdahl,Male,United States,26,16/08/2016,3265
4192,Angel,Sanor,Male,France,24,15/10/2017,3259
4194,Weston,Martina,Male,United States,26,21/05/2015,6540
4198,Jeromy,Danz,Male,United States,39,15/10/2017,3265
4202,Philip,Gent,Male,France,36,21/05/2015,2587
4205,Gaston,Brumm,Male,United States,24,21/05/2015,2554
4211,Franklyn,Unknow,Male,France,38,15/10/2017,2579
4213,Replaced,Zabriskie,Male,Great Britain,26,21/05/2015,2587
4224,Lester,Prothro,Male,France,21,15/10/2017,6574
4228,Garth,Gangi,Male,United States,41,16/08/2016,3256
4234,Dewitt,Borger,Male,United States,36,21/05/2015,8514
4239,Chase,Karner,Male,United States,37,15/10/2017,2154
4240,Tommie,Underdahl,Male,United States,26,16/08/2016,3265
4242,Angel,Sanor,Male,France,24,15/10/2017,3259
4244,Weston,Martina,Male,United States,26,21/05/2015,6540
4248,Jeromy,Danz,Male,United States,39,15/10/2017,3265
4252,Philip,Gent,Male,France,36,21/05/2015,2587
4255,Gaston,Brumm,Male,United States,24,21/05/2015,2554
4261,Franklyn,Unknow,Male,France,38,15/10/2017,2579
4263,Replaced,Zabriskie,Male,Great Britain,26,21/05/2015,2587
4274,Lester,Prothro,Male,France,21,15/10/2017,6574
4278,Garth,Gangi,Male,United States,41,16/08/2016,3256
4284,Dewitt,Borger,Male,United States,36,21/05/2015,8514
4289,Chase,Karner,Male,United States,37,15/10/2017,2154
4290,Tommie,Underdahl,Male,United States,26,16/08/2016,3265
4292,Angel,Sanor,Male,France,24,15/10/2017,3259
4294,Weston,Martina,Male,United States,26,21/05/2015,6540
4298,Jeromy,Danz,Male,United States,39,15/10/2017,3265
4302,Philip,Gent,Male,France,36,21/05/2015,2587
4305,Gaston,Brumm,Male,United States,24,21/05/2015,2554
4311,Franklyn,Unknow,Male,France,38,15/10/2017,2579
4313,Replaced,Zabriskie,Male,Great Britain,26,21/05/2015,2587
4324,Lester,Prothro,Male,France,21,15/10/2017,6574
4328,Garth,Gangi,Male,United States,41,16/08/2016,3256
4334,Dewitt,Borger,Male,United States,36,21/05/2015,8514
4339,Chase,Karner,Male,United States,37,15/10/2017,2154
4340,Tommie,Underdahl,Male,United States,26,16/08/2016,3265
4342,Angel,Sanor,Male,France,24,15/10/2017,3259
4344,Weston,Martina,Male,United States,26,21/05/2015,6540
4348,Jeromy,Danz,Male,United States,39,15/10/2017,3265
4352,Philip,Gent,Male,France,36,21/05/2015,2587
4355,Gaston,Brumm,Male,United States,24,21/05/2015,2554
4361,Franklyn,Unknow,Male,France,38,15/10/2017,2579
4363,Replaced,Zabriskie,Male,Great Britain,26,21/05/2015,2587
4374,Lester,Prothro,Male,France,21,15/10/2017,6574
4378,Garth,Gangi,Male,United States,41,16/08/2016,3256
4384,Dewitt,Borger,Male,United States,36,21/05/2015,8514
4389,Chase,Karner,Male,United States,37,15/10/2017,2154
4390,Tommie,Underdahl,Male,United States,26,16/08/2016,3265
4392,Angel,Sanor,Male,France,24,15/10/2017,3259
4394,Weston,Martina,Male,United States,26,21/05/2015,6540
4398,Jeromy,Danz,Male,United States,39,15/10/2017,3265
4402,Philip,Gent,Male,France,36,21/05/2015,2587
4405,Gaston,Brumm,Male,United States,24,21/05/2015,2554
4411,Franklyn,Unknow,Male,France,38,15/10/2017,2579
4413,Replaced,Zabriskie,Male,Great Britain,26,21/05/2015,2587
4424,Lester,Prothro,Male,France,21,15/10/2017,6574
4428,Garth,Gangi,Male,United States,41,16/08/2016,3256
4434,Dewitt,Borger,Male,United States,36,21/05/2015,8514
4439,Chase,Karner,Male,United States,37,15/10/2017,2154
4440,Tommie,Underdahl,Male,United States,26,16/08/2016,3265
4442,Angel,Sanor,Male,France,24,15/10/2017,3259
4444,Weston,Martina,Male,United States,26,21/05/2015,6540
4448,Jeromy,Danz,Male,United States,39,15/10/2017,3265
4452,Philip,Gent,Male,France,36,21/05/2015,2587
4455,Gaston,Brumm,Male,United States,24,21/05/2015,2554
4461,Franklyn,Unknow,Male,France,38,15/10/2017,2579
4463,Replaced,Zabriskie,Male,Great Britain,26,21/05/2015,2587
4474,Lester,Prothro,Male,France,21,15/10/2017,6574
4478,Garth,Gangi,Male,United States,41,16/08/2016,3256
4484,Dewitt,Borger,Male,United States,36,21/05/2015,8514
4489,Chase,Karner,Male,United States,37,15/10/2017,2154
4490,Tommie,Underdahl,Male,United States,26,16/08/2016,3265
4492,Angel,Sanor,Male,France,24,15/10/2017,3259
4494,Weston,Martina,Male,United States,26,21/05/2015,6540
4498,Jeromy,Danz,Male,United States,39,15/10/2017,3265
4502,Philip,Gent,Male,France,36,21/05/2015,2587
4505,Gaston,Brumm,Male,United States,24,21/05/2015,2554
4511,Franklyn,Unknow,Male,France,38,15/10/2017,2579
4513,Replaced,Zabriskie,Male,Great Britain,26,21/05/2015,2587
4524,Lester,Prothro,Male,France,21,15/10/2017,6574
4528,Garth,Gangi,Male,United States,41,16/08/2016,3256
4534,Dewitt,Borger,Male,United States,36,21/05/2015,8514
4539,Chase,Karner,Male,United States,37,15/10/2017,2154
4540,Tommie,Underdahl,Male,United States,26,16/08/2016,3265
4542,Angel,Sanor,Male,France,24,15/10/2017,3259
4544,Weston,Martina,Male,United States,26,21/05/2015,6540
4548,Jeromy,Danz,Male,United States,39,15/10/2017,3265
4552,Philip,Gent,Male,France,36,21/05/2015,2587
4555,Gaston,Brumm,Male,United States,24,21/05/2015,2554
4561,Franklyn,Unknow,Male,France,38,15/10/2017,2579
4563,Replaced,Zabriskie,Male,Great Britain,26,21/05/2015,2587
4574,Lester,Prothro,Male,France,21,15/10/2017,6574
4578,Garth,Gangi,Male,United States,41,16/08/2016,3256
4584,Dewitt,Borger,Male,United States,36,21/05/2015,8514
4589,Chase,Karner,Male,United States,37,15/10/2017,2154
4590,Tommie,Underdahl,Male,United States,26,16/08/2016,3265
4592,Angel,Sanor,Male,France,24,15/10/2017,3259
4594,Weston,Martina,Male,United States,26,21/05/2015,6540
4598,Jeromy,Danz,Male,United States,39,15/10/2017,3265
4602,Philip,Gent,Male,France,36,21/05/2015,2587
4605,Gaston,Brumm,Male,United States,24,21/05/2015,2554
4611,Franklyn,Unknow,Male,France,38,15/10/2017,2579
4613,Replaced,Zabriskie,Male,Great Britain,26,21/05/2015,2587
4624,Lester,Prothro,Male,France,21,15/10/2017,6574
4628,Garth,Gangi,Male,United States,41,16/08/2016,3256
4634,Dewitt,Borger,Male,United States,36,21/05/2015,8514
4639,Chase,Karner,Male,United States,37,15/10/2017,2154
4640,Tommie,Underdahl,Male,United States,26,16/08/2016,3265
4642,Angel,Sanor,Male,France,24,15/10/2017,3259
4644,Weston,Martina,Male,United States,26,21/05/2015,6540
4648,Jeromy,Danz,Male,United States,39,15/10/2017,3265
4652,Philip,Gent,Male,France,36,21/05/2015,2587
4655,Gaston,Brumm,Male,United States,24,21/05/2015,2554
4661,Franklyn,Unknow,Male,France,38,15/10/2017,2579
4663,Replaced,Zabriskie,Male,Great Britain,26,21/05/2015,2587
4674,Lester,Prothro,Male,France,21,15/10/2017,6574
4678,Garth,Gangi,Male,United States,41,16/08/2016,3256
4684,Dewitt,Borger,Male,United States,36,21/05/2015,8514
4689,Chase,Karner,Male,United States,37,15/10/2017,2154
4690,Tommie,Underdahl,Male,United States,26,16/08/2016,3265
4692,Angel,Sanor,Male,France,24,15/10/2017,3259
4694,Weston,Martina,Male,United States,26,21/05/2015,6540
4698,Jeromy,Danz,Male,United States,39,15/10/2017,3265
4702,Philip,Gent,Male,France,36,21/05/2015,2587
4705,Gaston,Brumm,Male,United States,24,21/05/2015,2554
4711,Franklyn,Unknow,Male,France,38,15/10/2017,2579
4713,Replaced,Zabriskie,Male,Great Britain,26,21/05/2015,2587
4724,Lester,Prothro,Male,France,21,15/10/2017,6574
4728,Garth,Gangi,Male,United States,41,16/08/2016,3256
4734,Dewitt,Borger,Male,United States,36,21/05/2015,8514
4739,Chase,Karner,Male,United States,37,15/10/2017,2154
4740,Tommie,Underdahl,Male,United States,26,16/08/2016,3265
4742,Angel,Sanor,Male,France,24,15/10/2017,3259
4744,Weston,Martina,Male,United States,26,21/05/2015,6540
4748,Jeromy,Danz,Male,United States,39,15/10/2017,3265
4752,Philip,Gent,Male,France,36,21/05/2015,2587
4755,Gaston,Brumm,Male,United States,24,21/05/2015,2554
4761,Franklyn,Unknow,Male,France,38,15/10/2017,2579
4763,Replaced,Zabriskie,Male,Great Britain,26,21/05/2015,2587
4774,Lester,Prothro,Male,France,21,15/10/2017,6574
4778,Garth,Gangi,Male,United States,41,16/08/2016,3256
4784,Dewitt,Borger,Male,United States,36,21/05/2015,8514
4789,Chase,Karner,Male,United States,37,15/10/2017,2154
4790,Tommie,Underdahl,Male,United States,26,16/08/2016,3265
4792,Angel,Sanor,Male,France,24,15/10/2017,3259
4794,Weston,Martina,Male,United States,26,21/05/2015,6540
4798,Jeromy,Danz,Male,United States,39,15/10/2017,3265
4802,Philip,Gent,Male,France,36,21/05/2015,2587
4805,Gaston,Brumm,Male,United States,24,21/05/2015,2554
4811,Franklyn,Unknow,Male,France,38,15/10/2017,2579
4813,Replaced,Zabriskie,Male,Great Britain,26,21/05/2015,2587
4824,Lester,Prothro,Male,France,21,15/10/2017,6574
4828,Garth,Gangi,Male,United States,41,16/08/2016,3256
4834,Dewitt,Borger,Male,United States,36,21/05/2015,8514
4839,Chase,Karner,Male,United States,37,15/10/2017,2154
4840,Tommie,Underdahl,Male,United States,26,16/08/2016,3265
4842,Angel,Sanor,Male,France,24,15/10/2017,3259
4844,Weston,Martina,Male,United States,26,21/05/2015,6540
4848,Jeromy,Danz,Male,United States,39,15/10/2017,3265
4852,Philip,Gent,Male,France,36,21/05/2015,2587
4855,Gaston,Brumm,Male,United States,24,21/05/2015,2554
4861,Franklyn,Unknow,Male,France,38,15/10/2017,2579
4863,Replaced,Zabriskie,Male,Great Britain,26,21/05/2015,2587
4874,Lester,Prothro,Male,France,21,15/10/2017,6574
4878,Garth,Gangi,Male,United States,41,16/08/2016,3256
4884,Dewitt,Borger,Male,United States,36,21/05/2015,8514
4889,Chase,Karner,Male,United States,37,15/10/2017,2154
4890,Tommie,Underdahl,Male,United States,26,16/08/2016,3265
4892,Angel,Sanor,Male,France,24,15/10/2017,3259
4894,Weston,Martina,Male,United States,26,21/05/2015,6540
4898,Jeromy,Danz,Male,United States,39,15/10/2017,3265
4902,Philip,Gent,Male,France,36,21/05/2015,2587
4905,Gaston,Brumm,Male,United States,24,21/05/2015,2554
4911,Franklyn,Unknow,Male,France,38,15/10/2017,2579
4913,Replaced,Zabriskie,Male,Great Britain,26,21/05/2015,2587
4924,Lester,Prothro,Male,France,21,15/10/2017,6574
4928,Garth,Gangi,Male,United States,41,16/08/2016,3256
4934,Dewitt,Borger,Male,United States,36,21/05/2015,8514
4939,Chase,Karner,Male,United States,37,15/10/2017,2154
4940,Tommie,Underdahl,Male,United States,26,16/08/2016,3265
4942,Angel,Sanor,Male,France,24,15/10/2017,3259
4944,Weston,Martina,Male,United States,26,21/05/2015,6540
4948,Jeromy,Danz,Male,United States,39,15/10/2017,3265
4952,Philip,Gent,Male,France,36,21/05/2015,2587
4955,Gaston,Brumm,Male,United States,24,21/05/2015,2554
4961,Franklyn,Unknow,Male,France,38,15/10/2017,2579
4963,Replaced,Zabriskie,Male,Great Britain,26,21/05/2015,2587
4974,Lester,Prothro,Male,France,21,15/10/2017,6574
4978,Garth,Gangi,Male,United States,41,16/08/2016,3256
4984,Dewitt,Borger,Male,United States,36,21/05/2015,8514
4989,Chase,Karner,Male,United States,37,15/10/2017,2154
4990,Tommie,Underdahl,Male,United States,26,16/08/2016,3265
4992,Angel,Sanor,Male,France,24,15/10/2017,3259
4994,Weston,Martina,Male,United States,26,21/05/2015,6540
4998,Jeromy,Danz,Male,United States,39,15/10/2017,3265
